adverb,War_and_Peace_count,War_and_Peace_per10k,Anna_Karenina_count,Anna_Karenina_per10k
so,1902,32.78694176439256,1550,44.03183928094586
there,1478,25.477970519333436,1019,28.94738337244118
now,1332,22.961202118912134,873,24.799868188558538
only,1300,22.40958164758692,652,18.521780136243034
then,941,16.221089484907147,516,14.658341334818106
very,804,13.859464342046063,651,18.493372497997264
again,709,12.221841067799328,444,12.612991381122557
away,617,10.63593221273933,430,12.215284445681753
here,484,8.3432596287939,344,9.772227556545404
always,464,7.998496834215638,344,9.772227556545404
suddenly,432,7.446876362890422,173,4.914521416518474
never,409,7.050399149125423,416,11.817577510240953
too,393,6.774588913462814,507,14.402672590606162
quite,376,6.481540538071294,221,6.278088052315507
evidently,350,6.033348905119555,39,1.1078978915850894
already,325,5.60239541189673,154,4.374776289848815
really,203,3.4993423649693423,123,3.4941395042298975
almost,156,2.68914979771043,122,3.465731865984126
especially,140,2.413339562047822,110,3.1248402070348673
often,140,2.413339562047822,103,2.925986739314467
quickly,138,2.3788632825899962,86,2.443056889136351
sometimes,133,2.292672583945431,48,1.363566635797033
merely,131,2.2581963044876048,79,2.2442034214159503
immediately,130,2.240958164758692,99,2.8123561863313804
rapidly,95,1.6376232742467363,44,1.2499360828139472
clearly,92,1.5859088550599973,53,1.5056048270258908
hardly,89,1.5341944358732582,53,1.5056048270258908
particularly,88,1.5169562961443455,79,2.2442034214159503
rather,88,1.5169562961443455,55,1.5624201035174337
probably,83,1.4307655974997802,25,0.7101909561442881
continually,79,1.3618130385841283,58,1.6476430182547481
angrily,79,1.3618130385841283,43,1.2215284445681756
simply,77,1.3273367591263021,186,5.283820713713503
involuntarily,76,1.3100986193973891,12,0.34089165894925827
ily,75,1.2928604796684762,0,0.0
hurriedly,68,1.1721935015660851,44,1.2499360828139472
silently,67,1.154955361837172,7,0.19885346772040066
slightly,60,1.034288383734781,17,0.4829298501781159
certainly,59,1.017050244005868,51,1.4487895505343478
kindly,59,1.017050244005868,19,0.5397451266696589
nearly,57,0.9825739645480418,7,0.19885346772040066
quietly,55,0.9480976850902157,17,0.4829298501781159
unexpectedly,54,0.9308595453613028,10,0.2840763824577152
early,53,0.9136214056323898,53,1.5056048270258908
hastily,53,0.9136214056323898,9,0.2556687442119437
scarcely,51,0.8791451261745638,30,0.8522291473731457
carefully,46,0.7929544275299987,39,1.1078978915850894
firmly,46,0.7929544275299987,25,0.7101909561442881
formerly,46,0.7929544275299987,4,0.1136305529830861
previously,46,0.7929544275299987,4,0.1136305529830861
easily,43,0.7412400083432596,25,0.7101909561442881
badly,43,0.7412400083432596,15,0.42611457368657285
orderly,43,0.7412400083432596,1,0.028407638245771524
completely,42,0.7240018686143467,67,1.9033117624666922
apparently,41,0.7067637288854337,20,0.5681527649154304
respectfully,41,0.7067637288854337,7,0.19885346772040066
fully,39,0.6722874494276075,39,1.1078978915850894
sternly,39,0.6722874494276075,10,0.2840763824577152
chiefly,39,0.6722874494276075,6,0.17044582947462913
slowly,38,0.6550493096986946,37,1.0510826150935464
generally,38,0.6550493096986946,13,0.3692992971950298
gaily,37,0.6378111699697815,21,0.596560403161202
joyfully,37,0.6378111699697815,11,0.3124840207034868
directly,36,0.6205730302408685,70,1.9885346772040067
loudly,36,0.6205730302408685,21,0.596560403161202
softly,36,0.6205730302408685,18,0.5113374884238874
occasionally,36,0.6205730302408685,2,0.05681527649154305
usually,35,0.6033348905119555,19,0.5397451266696589
timidly,35,0.6033348905119555,17,0.4829298501781159
seriously,34,0.5860967507830426,17,0.4829298501781159
lightly,33,0.5688586110541295,22,0.6249680414069736
inquiringly,33,0.5688586110541295,16,0.4545222119323444
attentively,32,0.5516204713252164,19,0.5397451266696589
friendly,31,0.5343823315963034,32,0.9090444238646888
eagerly,31,0.5343823315963034,18,0.5113374884238874
deeply,31,0.5343823315963034,14,0.3977069354408013
tely,31,0.5343823315963034,0,0.0
exactly,30,0.5171441918673905,36,1.0226749768477748
plainly,30,0.5171441918673905,12,0.34089165894925827
entirely,29,0.4999060521384774,20,0.5681527649154304
intently,28,0.4826679124095644,27,0.7670062326358311
heavily,28,0.4826679124095644,17,0.4829298501781159
finally,28,0.4826679124095644,11,0.3124840207034868
melancholy,28,0.4826679124095644,7,0.19885346772040066
personally,28,0.4826679124095644,4,0.1136305529830861
closely,28,0.4826679124095644,3,0.08522291473731457
unconsciously,26,0.44819163295173836,44,1.2499360828139472
distinctly,25,0.4309534932228254,33,0.9374520621104603
fly,25,0.4309534932228254,9,0.2556687442119437
perfectly,24,0.41371535349391236,55,1.5624201035174337
vividly,24,0.41371535349391236,18,0.5113374884238874
constantly,24,0.41371535349391236,6,0.17044582947462913
lovely,23,0.39647721376499934,20,0.5681527649154304
brightly,23,0.39647721376499934,15,0.42611457368657285
gradually,23,0.39647721376499934,6,0.17044582947462913
elderly,23,0.39647721376499934,6,0.17044582947462913
smilingly,23,0.39647721376499934,1,0.028407638245771524
curly,22,0.37923907403608637,16,0.4545222119323444
painfully,22,0.37923907403608637,13,0.3692992971950298
instantly,22,0.37923907403608637,13,0.3692992971950298
boldly,22,0.37923907403608637,11,0.3124840207034868
naturally,22,0.37923907403608637,8,0.2272611059661722
newly,22,0.37923907403608637,6,0.17044582947462913
absolutely,21,0.36200093430717334,31,0.8806367856189172
greatly,21,0.36200093430717334,23,0.653375679652745
rarely,21,0.36200093430717334,17,0.4829298501781159
calmly,21,0.36200093430717334,17,0.4829298501781159
equally,21,0.36200093430717334,10,0.2840763824577152
strangely,21,0.36200093430717334,7,0.19885346772040066
strongly,21,0.36200093430717334,1,0.028407638245771524
coldly,20,0.34476279457826026,19,0.5397451266696589
merrily,20,0.34476279457826026,14,0.3977069354408013
gently,20,0.34476279457826026,13,0.3692992971950298
inevitably,20,0.34476279457826026,9,0.2556687442119437
differently,19,0.3275246548493473,20,0.5681527649154304
severely,19,0.3275246548493473,13,0.3692992971950298
physically,19,0.3275246548493473,10,0.2840763824577152
sharply,19,0.3275246548493473,9,0.2556687442119437
incessantly,19,0.3275246548493473,6,0.17044582947462913
passionately,19,0.3275246548493473,4,0.1136305529830861
obviously,18,0.31028651512043426,77,2.1873881449244075
mentally,18,0.31028651512043426,13,0.3692992971950298
sincerely,18,0.31028651512043426,7,0.19885346772040066
uneasily,18,0.31028651512043426,5,0.1420381912288576
consequently,17,0.2930483753915213,23,0.653375679652745
contemptuously,17,0.2930483753915213,21,0.596560403161202
resolutely,17,0.2930483753915213,18,0.5113374884238874
specially,17,0.2930483753915213,15,0.42611457368657285
highly,17,0.2930483753915213,14,0.3977069354408013
freely,17,0.2930483753915213,10,0.2840763824577152
secondly,17,0.2930483753915213,8,0.2272611059661722
reluctantly,17,0.2930483753915213,7,0.19885346772040066
tolly,17,0.2930483753915213,0,0.0
likely,16,0.2758102356626082,31,0.8806367856189172
frequently,16,0.2758102356626082,9,0.2556687442119437
readily,16,0.2758102356626082,9,0.2556687442119437
tenderly,16,0.2758102356626082,6,0.17044582947462913
independently,16,0.2758102356626082,5,0.1420381912288576
dimly,16,0.2758102356626082,2,0.05681527649154305
briskly,16,0.2758102356626082,2,0.05681527649154305
namely,16,0.2758102356626082,0,0.0
sadly,16,0.2758102356626082,0,0.0
possibly,15,0.25857209593369523,31,0.8806367856189172
extremely,15,0.25857209593369523,31,0.8806367856189172
ironically,15,0.25857209593369523,7,0.19885346772040066
awkwardly,15,0.25857209593369523,6,0.17044582947462913
reproachfully,15,0.25857209593369523,5,0.1420381912288576
terribly,15,0.25857209593369523,4,0.1136305529830861
recently,15,0.25857209593369523,3,0.08522291473731457
simultaneously,15,0.25857209593369523,3,0.08522291473731457
fixedly,15,0.25857209593369523,1,0.028407638245771524
vainly,15,0.25857209593369523,1,0.028407638245771524
deliberately,14,0.2413339562047822,16,0.4545222119323444
definitely,14,0.2413339562047822,8,0.2272611059661722
significantly,14,0.2413339562047822,7,0.19885346772040066
pleasantly,14,0.2413339562047822,2,0.05681527649154305
unpleasantly,14,0.2413339562047822,1,0.028407638245771524
lively,13,0.22409581647586918,23,0.653375679652745
actually,13,0.22409581647586918,18,0.5113374884238874
lately,13,0.22409581647586918,16,0.4545222119323444
partly,13,0.22409581647586918,15,0.42611457368657285
manly,13,0.22409581647586918,10,0.2840763824577152
instinctively,13,0.22409581647586918,9,0.2556687442119437
happily,13,0.22409581647586918,7,0.19885346772040066
unnaturally,13,0.22409581647586918,4,0.1136305529830861
anxiously,13,0.22409581647586918,3,0.08522291473731457
frankly,13,0.22409581647586918,3,0.08522291473731457
repeatedly,13,0.22409581647586918,2,0.05681527649154305
surely,12,0.20685767674695618,14,0.3977069354408013
swiftly,12,0.20685767674695618,14,0.3977069354408013
vaguely,12,0.20685767674695618,13,0.3692992971950298
sly,12,0.20685767674695618,8,0.2272611059661722
cheerfully,12,0.20685767674695618,6,0.17044582947462913
shyly,12,0.20685767674695618,4,0.1136305529830861
solely,12,0.20685767674695618,1,0.028407638245771524
infinitely,12,0.20685767674695618,0,0.0
gloomily,11,0.18961953701804318,23,0.653375679652745
purposely,11,0.18961953701804318,14,0.3977069354408013
warmly,11,0.18961953701804318,13,0.3692992971950298
freshly,11,0.18961953701804318,10,0.2840763824577152
worldly,11,0.18961953701804318,8,0.2272611059661722
impatiently,11,0.18961953701804318,7,0.19885346772040066
seldom,11,0.18961953701804318,3,0.08522291473731457
successfully,11,0.18961953701804318,3,0.08522291473731457
politely,11,0.18961953701804318,0,0.0
subsequently,11,0.18961953701804318,0,0.0
properly,10,0.17238139728913013,12,0.34089165894925827
thoroughly,10,0.17238139728913013,11,0.3124840207034868
abruptly,10,0.17238139728913013,8,0.2272611059661722
cautiously,10,0.17238139728913013,8,0.2272611059661722
separately,10,0.17238139728913013,4,0.1136305529830861
gladly,10,0.17238139728913013,3,0.08522291473731457
solemnly,10,0.17238139728913013,2,0.05681527649154305
rapturously,10,0.17238139728913013,1,0.028407638245771524
irresistibly,10,0.17238139728913013,1,0.028407638245771524
folly,10,0.17238139728913013,1,0.028407638245771524
mindedly,10,0.17238139728913013,0,0.0
meekly,10,0.17238139728913013,0,0.0
threateningly,10,0.17238139728913013,0,0.0
truly,9,0.15514325756021713,12,0.34089165894925827
apply,9,0.15514325756021713,9,0.2556687442119437
smoothly,9,0.15514325756021713,8,0.2272611059661722
peculiarly,9,0.15514325756021713,8,0.2272611059661722
noiselessly,9,0.15514325756021713,7,0.19885346772040066
earthly,9,0.15514325756021713,7,0.19885346772040066
violently,9,0.15514325756021713,6,0.17044582947462913
affectionately,9,0.15514325756021713,5,0.1420381912288576
splendidly,9,0.15514325756021713,4,0.1136305529830861
desperately,9,0.15514325756021713,4,0.1136305529830861
casually,9,0.15514325756021713,3,0.08522291473731457
sufficiently,9,0.15514325756021713,2,0.05681527649154305
gratefully,9,0.15514325756021713,2,0.05681527649154305
briefly,9,0.15514325756021713,2,0.05681527649154305
graciously,9,0.15514325756021713,1,0.028407638245771524
latterly,9,0.15514325756021713,0,0.0
comply,9,0.15514325756021713,0,0.0
awfully,8,0.1379051178313041,30,0.8522291473731457
promptly,8,0.1379051178313041,18,0.5113374884238874
ugly,8,0.1379051178313041,11,0.3124840207034868
undoubtedly,8,0.1379051178313041,7,0.19885346772040066
carelessly,8,0.1379051178313041,6,0.17044582947462913
disapprovingly,8,0.1379051178313041,6,0.17044582947462913
comfortably,8,0.1379051178313041,6,0.17044582947462913
thirdly,8,0.1379051178313041,5,0.1420381912288576
noisily,8,0.1379051178313041,5,0.1420381912288576
vely,8,0.1379051178313041,4,0.1136305529830861
triumphantly,8,0.1379051178313041,2,0.05681527649154305
unusually,8,0.1379051178313041,1,0.028407638245771524
energetically,8,0.1379051178313041,1,0.028407638245771524
amiably,8,0.1379051178313041,1,0.028407638245771524
similarly,8,0.1379051178313041,0,0.0
gully,8,0.1379051178313041,0,0.0
uselessly,8,0.1379051178313041,0,0.0
positively,7,0.1206669781023911,56,1.5908277417632053
precisely,7,0.1206669781023911,21,0.596560403161202
extraordinarily,7,0.1206669781023911,12,0.34089165894925827
dreadfully,7,0.1206669781023911,8,0.2272611059661722
strictly,7,0.1206669781023911,7,0.19885346772040066
imperceptibly,7,0.1206669781023911,6,0.17044582947462913
nervously,7,0.1206669781023911,5,0.1420381912288576
morally,7,0.1206669781023911,5,0.1420381912288576
excitedly,7,0.1206669781023911,3,0.08522291473731457
helplessly,7,0.1206669781023911,3,0.08522291473731457
hoarsely,7,0.1206669781023911,2,0.05681527649154305
piteously,7,0.1206669781023911,2,0.05681527649154305
cordially,7,0.1206669781023911,2,0.05681527649154305
steadily,7,0.1206669781023911,2,0.05681527649154305
feebly,7,0.1206669781023911,2,0.05681527649154305
widely,7,0.1206669781023911,1,0.028407638245771524
thoughtfully,7,0.1206669781023911,1,0.028407638245771524
singly,7,0.1206669781023911,1,0.028407638245771524
morosely,7,0.1206669781023911,1,0.028407638245771524
continuously,7,0.1206669781023911,1,0.028407638245771524
disorderly,7,0.1206669781023911,1,0.028407638245771524
fiercely,7,0.1206669781023911,0,0.0
brotherly,7,0.1206669781023911,0,0.0
peacefully,7,0.1206669781023911,0,0.0
feverishly,7,0.1206669781023911,0,0.0
exceedingly,6,0.10342883837347809,16,0.4545222119323444
unseemly,6,0.10342883837347809,8,0.2272611059661722
heavenly,6,0.10342883837347809,7,0.19885346772040066
jauntily,6,0.10342883837347809,5,0.1420381912288576
evenly,6,0.10342883837347809,5,0.1420381912288576
submissively,6,0.10342883837347809,5,0.1420381912288576
joyously,6,0.10342883837347809,4,0.1136305529830861
bitterly,6,0.10342883837347809,4,0.1136305529830861
naturedly,6,0.10342883837347809,4,0.1136305529830861
neatly,6,0.10342883837347809,3,0.08522291473731457
openly,6,0.10342883837347809,3,0.08522291473731457
greedily,6,0.10342883837347809,3,0.08522291473731457
approvingly,6,0.10342883837347809,3,0.08522291473731457
accidentally,6,0.10342883837347809,3,0.08522291473731457
correctly,6,0.10342883837347809,2,0.05681527649154305
secretly,6,0.10342883837347809,2,0.05681527649154305
absently,6,0.10342883837347809,2,0.05681527649154305
crossly,6,0.10342883837347809,2,0.05681527649154305
daily,6,0.10342883837347809,2,0.05681527649154305
wearily,6,0.10342883837347809,2,0.05681527649154305
ecstatically,6,0.10342883837347809,1,0.028407638245771524
proudly,6,0.10342883837347809,1,0.028407638245771524
ally,6,0.10342883837347809,1,0.028407638245771524
irritably,6,0.10342883837347809,1,0.028407638245771524
variously,6,0.10342883837347809,1,0.028407638245771524
enormously,6,0.10342883837347809,1,0.028407638245771524
skillfully,6,0.10342883837347809,1,0.028407638245771524
convulsively,6,0.10342883837347809,1,0.028407638245771524
leisurely,6,0.10342883837347809,1,0.028407638245771524
impetuously,6,0.10342883837347809,0,0.0
minutely,6,0.10342883837347809,0,0.0
willingly,6,0.10342883837347809,0,0.0
wildly,6,0.10342883837347809,0,0.0
mechanically,6,0.10342883837347809,0,0.0
seemingly,6,0.10342883837347809,0,0.0
disdainfully,6,0.10342883837347809,0,0.0
piercingly,6,0.10342883837347809,0,0.0
sickly,5,0.08619069864456506,6,0.17044582947462913
indifferently,5,0.08619069864456506,6,0.17044582947462913
rhythmically,5,0.08619069864456506,6,0.17044582947462913
smartly,5,0.08619069864456506,5,0.1420381912288576
totally,5,0.08619069864456506,4,0.1136305529830861
persistently,5,0.08619069864456506,3,0.08522291473731457
indubitably,5,0.08619069864456506,3,0.08522291473731457
sarcastically,5,0.08619069864456506,3,0.08522291473731457
perceptibly,5,0.08619069864456506,2,0.05681527649154305
confidently,5,0.08619069864456506,2,0.05681527649154305
elegantly,5,0.08619069864456506,1,0.028407638245771524
accurately,5,0.08619069864456506,1,0.028407638245771524
thickly,5,0.08619069864456506,1,0.028407638245771524
laboriously,5,0.08619069864456506,1,0.028407638245771524
pensively,5,0.08619069864456506,1,0.028407638245771524
exclusively,5,0.08619069864456506,1,0.028407638245771524
heartily,5,0.08619069864456506,1,0.028407638245771524
gracefully,5,0.08619069864456506,0,0.0
reasonably,5,0.08619069864456506,0,0.0
mutually,5,0.08619069864456506,0,0.0
regularly,5,0.08619069864456506,0,0.0
mortally,5,0.08619069864456506,0,0.0
masterly,5,0.08619069864456506,0,0.0
arbitrarily,5,0.08619069864456506,0,0.0
remarkably,5,0.08619069864456506,0,0.0
nataly,5,0.08619069864456506,0,0.0
sweetly,5,0.08619069864456506,0,0.0
blandly,5,0.08619069864456506,0,0.0
madly,5,0.08619069864456506,0,0.0
utterly,4,0.06895255891565205,84,2.386241612644808
intentionally,4,0.06895255891565205,9,0.2556687442119437
rightly,4,0.06895255891565205,9,0.2556687442119437
busily,4,0.06895255891565205,7,0.19885346772040066
unceasingly,4,0.06895255891565205,5,0.1420381912288576
obstinately,4,0.06895255891565205,5,0.1420381912288576
agreeably,4,0.06895255891565205,4,0.1136305529830861
sympathetically,4,0.06895255891565205,4,0.1136305529830861
dryly,4,0.06895255891565205,4,0.1136305529830861
questioningly,4,0.06895255891565205,3,0.08522291473731457
purely,4,0.06895255891565205,3,0.08522291473731457
cruelly,4,0.06895255891565205,3,0.08522291473731457
languidly,4,0.06895255891565205,3,0.08522291473731457
lazily,4,0.06895255891565205,3,0.08522291473731457
dearly,4,0.06895255891565205,2,0.05681527649154305
stiffly,4,0.06895255891565205,2,0.05681527649154305
honestly,4,0.06895255891565205,2,0.05681527649154305
decidedly,4,0.06895255891565205,2,0.05681527649154305
imploringly,4,0.06895255891565205,2,0.05681527649154305
intimately,4,0.06895255891565205,2,0.05681527649154305
modestly,4,0.06895255891565205,2,0.05681527649154305
laughingly,4,0.06895255891565205,1,0.028407638245771524
stealthily,4,0.06895255891565205,1,0.028407638245771524
mostly,4,0.06895255891565205,1,0.028407638245771524
imply,4,0.06895255891565205,1,0.028407638245771524
obediently,4,0.06895255891565205,1,0.028407638245771524
breathlessly,4,0.06895255891565205,1,0.028407638245771524
accordingly,4,0.06895255891565205,1,0.028407638245771524
gravely,4,0.06895255891565205,1,0.028407638245771524
deftly,4,0.06895255891565205,1,0.028407638245771524
affirmatively,4,0.06895255891565205,1,0.028407638245771524
complacently,4,0.06895255891565205,1,0.028407638245771524
indistinctly,4,0.06895255891565205,1,0.028407638245771524
stately,4,0.06895255891565205,1,0.028407638245771524
fortunately,4,0.06895255891565205,1,0.028407638245771524
eventually,4,0.06895255891565205,0,0.0
radiantly,4,0.06895255891565205,0,0.0
symmetrically,4,0.06895255891565205,0,0.0
patiently,4,0.06895255891565205,0,0.0
consistently,4,0.06895255891565205,0,0.0
decently,4,0.06895255891565205,0,0.0
portly,4,0.06895255891565205,0,0.0
confidentially,4,0.06895255891565205,0,0.0
conditionally,4,0.06895255891565205,0,0.0
rudely,4,0.06895255891565205,0,0.0
tightly,3,0.051714419186739045,17,0.4829298501781159
hotly,3,0.051714419186739045,10,0.2840763824577152
vigorously,3,0.051714419186739045,9,0.2556687442119437
capitally,3,0.051714419186739045,8,0.2272611059661722
wrongly,3,0.051714419186739045,7,0.19885346772040066
faintly,3,0.051714419186739045,7,0.19885346772040066
lonely,3,0.051714419186739045,7,0.19885346772040066
inwardly,3,0.051714419186739045,7,0.19885346772040066
genuinely,3,0.051714419186739045,6,0.17044582947462913
keenly,3,0.051714419186739045,6,0.17044582947462913
shortly,3,0.051714419186739045,6,0.17044582947462913
playfully,3,0.051714419186739045,5,0.1420381912288576
jolly,3,0.051714419186739045,5,0.1420381912288576
regretfully,3,0.051714419186739045,5,0.1420381912288576
invariably,3,0.051714419186739045,4,0.1136305529830861
shapely,3,0.051714419186739045,4,0.1136305529830861
gleefully,3,0.051714419186739045,4,0.1136305529830861
hopelessly,3,0.051714419186739045,4,0.1136305529830861
stubbornly,3,0.051714419186739045,4,0.1136305529830861
wholly,3,0.051714419186739045,3,0.08522291473731457
urgently,3,0.051714419186739045,3,0.08522291473731457
alternately,3,0.051714419186739045,3,0.08522291473731457
enthusiastically,3,0.051714419186739045,3,0.08522291473731457
justly,3,0.051714419186739045,3,0.08522291473731457
courteously,3,0.051714419186739045,3,0.08522291473731457
externally,3,0.051714419186739045,3,0.08522291473731457
doubly,3,0.051714419186739045,2,0.05681527649154305
compassionately,3,0.051714419186739045,2,0.05681527649154305
visibly,3,0.051714419186739045,2,0.05681527649154305
brilliantly,3,0.051714419186739045,2,0.05681527649154305
fourthly,3,0.051714419186739045,2,0.05681527649154305
favorably,3,0.051714419186739045,2,0.05681527649154305
condescendingly,3,0.051714419186739045,1,0.028407638245771524
acutely,3,0.051714419186739045,1,0.028407638245771524
restlessly,3,0.051714419186739045,1,0.028407638245771524
needlessly,3,0.051714419186739045,1,0.028407638245771524
spontaneously,3,0.051714419186739045,1,0.028407638245771524
audibly,3,0.051714419186739045,1,0.028407638245771524
irresolutely,3,0.051714419186739045,1,0.028407638245771524
peremptorily,3,0.051714419186739045,1,0.028407638245771524
instantaneously,3,0.051714419186739045,1,0.028407638245771524
forcibly,3,0.051714419186739045,1,0.028407638245771524
sorrowfully,3,0.051714419186739045,1,0.028407638245771524
barely,3,0.051714419186739045,1,0.028407638245771524
womanly,3,0.051714419186739045,1,0.028407638245771524
necessarily,3,0.051714419186739045,1,0.028407638245771524
sensibly,3,0.051714419186739045,1,0.028407638245771524
eternally,3,0.051714419186739045,0,0.0
innocently,3,0.051714419186739045,0,0.0
temporarily,3,0.051714419186739045,0,0.0
immeasurably,3,0.051714419186739045,0,0.0
mildly,3,0.051714419186739045,0,0.0
majestically,3,0.051714419186739045,0,0.0
characteristically,3,0.051714419186739045,0,0.0
lastly,3,0.051714419186739045,0,0.0
furiously,3,0.051714419186739045,0,0.0
ungainly,3,0.051714419186739045,0,0.0
ly,3,0.051714419186739045,0,0.0
safely,3,0.051714419186739045,0,0.0
advantageously,3,0.051714419186739045,0,0.0
eloquently,3,0.051714419186739045,0,0.0
incredulously,3,0.051714419186739045,0,0.0
inaudibly,3,0.051714419186739045,0,0.0
searchingly,3,0.051714419186739045,0,0.0
koly,3,0.051714419186739045,0,0.0
incoherently,3,0.051714419186739045,0,0.0
faithfully,3,0.051714419186739045,0,0.0
approximately,3,0.051714419186739045,0,0.0
painstakingly,3,0.051714419186739045,0,0.0
noticeably,3,0.051714419186739045,0,0.0
indolently,3,0.051714419186739045,0,0.0
spasmodically,3,0.051714419186739045,0,0.0
delightedly,3,0.051714419186739045,0,0.0
courtly,3,0.051714419186739045,0,0.0
mysteriously,3,0.051714419186739045,0,0.0
unconcernedly,3,0.051714419186739045,0,0.0
humoredly,2,0.034476279457826026,15,0.42611457368657285
exceptionally,2,0.034476279457826026,9,0.2556687442119437
chilly,2,0.034476279457826026,7,0.19885346772040066
practically,2,0.034476279457826026,7,0.19885346772040066
mournfully,2,0.034476279457826026,6,0.17044582947462913
cleverly,2,0.034476279457826026,5,0.1420381912288576
wrathfully,2,0.034476279457826026,5,0.1420381912288576
conscientiously,2,0.034476279457826026,4,0.1136305529830861
deferentially,2,0.034476279457826026,4,0.1136305529830861
horribly,2,0.034476279457826026,4,0.1136305529830861
satisfactorily,2,0.034476279457826026,4,0.1136305529830861
jestingly,2,0.034476279457826026,4,0.1136305529830861
considerably,2,0.034476279457826026,3,0.08522291473731457
inquisitively,2,0.034476279457826026,3,0.08522291473731457
earnestly,2,0.034476279457826026,3,0.08522291473731457
subtly,2,0.034476279457826026,3,0.08522291473731457
assembly,2,0.034476279457826026,3,0.08522291473731457
admirably,2,0.034476279457826026,2,0.05681527649154305
strikingly,2,0.034476279457826026,2,0.05681527649154305
presently,2,0.034476279457826026,2,0.05681527649154305
cleanly,2,0.034476279457826026,2,0.05681527649154305
adroitly,2,0.034476279457826026,2,0.05681527649154305
unobtrusively,2,0.034476279457826026,2,0.05681527649154305
motherly,2,0.034476279457826026,2,0.05681527649154305
outwardly,2,0.034476279457826026,2,0.05681527649154305
irregularly,2,0.034476279457826026,2,0.05681527649154305
loosely,2,0.034476279457826026,2,0.05681527649154305
fashionably,2,0.034476279457826026,1,0.028407638245771524
incomparably,2,0.034476279457826026,1,0.028407638245771524
unevenly,2,0.034476279457826026,1,0.028407638245771524
frantically,2,0.034476279457826026,1,0.028407638245771524
childishly,2,0.034476279457826026,1,0.028407638245771524
actively,2,0.034476279457826026,1,0.028407638245771524
zealously,2,0.034476279457826026,1,0.028407638245771524
rely,2,0.034476279457826026,1,0.028407638245771524
aimlessly,2,0.034476279457826026,1,0.028407638245771524
shamefully,2,0.034476279457826026,1,0.028407638245771524
recklessly,2,0.034476279457826026,1,0.028407638245771524
doubtfully,2,0.034476279457826026,1,0.028407638245771524
falsely,2,0.034476279457826026,1,0.028407638245771524
disagreeably,2,0.034476279457826026,1,0.028407638245771524
profoundly,2,0.034476279457826026,1,0.028407638245771524
emphatically,2,0.034476279457826026,1,0.028407638245771524
lovingly,2,0.034476279457826026,1,0.028407638245771524
viciously,2,0.034476279457826026,1,0.028407638245771524
circumspectly,2,0.034476279457826026,1,0.028407638245771524
decisively,2,0.034476279457826026,1,0.028407638245771524
apologetically,2,0.034476279457826026,1,0.028407638245771524
officially,2,0.034476279457826026,1,0.028407638245771524
touchingly,2,0.034476279457826026,1,0.028407638245771524
incautiously,2,0.034476279457826026,1,0.028407638245771524
increasingly,2,0.034476279457826026,1,0.028407638245771524
gallantly,2,0.034476279457826026,1,0.028407638245771524
indignantly,2,0.034476279457826026,0,0.0
numerically,2,0.034476279457826026,0,0.0
untimely,2,0.034476279457826026,0,0.0
clumsily,2,0.034476279457826026,0,0.0
dubiously,2,0.034476279457826026,0,0.0
mistrustfully,2,0.034476279457826026,0,0.0
voluntarily,2,0.034476279457826026,0,0.0
vehemently,2,0.034476279457826026,0,0.0
uninterruptedly,2,0.034476279457826026,0,0.0
maliciously,2,0.034476279457826026,0,0.0
skeptically,2,0.034476279457826026,0,0.0
artificially,2,0.034476279457826026,0,0.0
furtively,2,0.034476279457826026,0,0.0
diligently,2,0.034476279457826026,0,0.0
cunningly,2,0.034476279457826026,0,0.0
profusely,2,0.034476279457826026,0,0.0
dazzlingly,2,0.034476279457826026,0,0.0
privately,2,0.034476279457826026,0,0.0
vertically,2,0.034476279457826026,0,0.0
soldierly,2,0.034476279457826026,0,0.0
narrowly,2,0.034476279457826026,0,0.0
irreproachably,2,0.034476279457826026,0,0.0
scornfully,2,0.034476279457826026,0,0.0
unintentionally,2,0.034476279457826026,0,0.0
weally,2,0.034476279457826026,0,0.0
tenaciously,2,0.034476279457826026,0,0.0
pointedly,2,0.034476279457826026,0,0.0
interrogatively,2,0.034476279457826026,0,0.0
meditatively,2,0.034476279457826026,0,0.0
sedately,2,0.034476279457826026,0,0.0
virulently,2,0.034476279457826026,0,0.0
bluntly,2,0.034476279457826026,0,0.0
immutably,2,0.034476279457826026,0,0.0
infinitesimally,2,0.034476279457826026,0,0.0
sullenly,2,0.034476279457826026,0,0.0
impressively,2,0.034476279457826026,0,0.0
bully,2,0.034476279457826026,0,0.0
testily,2,0.034476279457826026,0,0.0
partially,2,0.034476279457826026,0,0.0
vifly,2,0.034476279457826026,0,0.0
vacantly,2,0.034476279457826026,0,0.0
offensively,2,0.034476279457826026,0,0.0
prettily,2,0.034476279457826026,0,0.0
electronically,2,0.034476279457826026,0,0.0
mathematically,2,0.034476279457826026,0,0.0
harshly,2,0.034476279457826026,0,0.0
unconditionally,2,0.034476279457826026,0,0.0
observantly,2,0.034476279457826026,0,0.0
comparatively,2,0.034476279457826026,0,0.0
disinterestedly,2,0.034476279457826026,0,0.0
patriotically,2,0.034476279457826026,0,0.0
provocatively,2,0.034476279457826026,0,0.0
finely,2,0.034476279457826026,0,0.0
despairingly,2,0.034476279457826026,0,0.0
palpably,2,0.034476279457826026,0,0.0
senselessly,2,0.034476279457826026,0,0.0
insufficiently,2,0.034476279457826026,0,0.0
malevolently,2,0.034476279457826026,0,0.0
prominently,2,0.034476279457826026,0,0.0
lifelessly,2,0.034476279457826026,0,0.0
obsequiously,2,0.034476279457826026,0,0.0
dismally,2,0.034476279457826026,0,0.0
implicitly,2,0.034476279457826026,0,0.0
impudently,2,0.034476279457826026,0,0.0
unfriendly,2,0.034476279457826026,0,0.0
ceremoniously,2,0.034476279457826026,0,0.0
unmistakably,1,0.017238139728913013,32,0.9090444238646888
wonderfully,1,0.017238139728913013,10,0.2840763824577152
assiduously,1,0.017238139728913013,9,0.2556687442119437
principally,1,0.017238139728913013,9,0.2556687442119437
serenely,1,0.017238139728913013,8,0.2272611059661722
fairly,1,0.017238139728913013,7,0.19885346772040066
luckily,1,0.017238139728913013,5,0.1420381912288576
plaintively,1,0.017238139728913013,5,0.1420381912288576
duly,1,0.017238139728913013,4,0.1136305529830861
blissfully,1,0.017238139728913013,4,0.1136305529830861
nicely,1,0.017238139728913013,4,0.1136305529830861
consciously,1,0.017238139728913013,3,0.08522291473731457
agonizingly,1,0.017238139728913013,3,0.08522291473731457
humorously,1,0.017238139728913013,3,0.08522291473731457
discontentedly,1,0.017238139728913013,3,0.08522291473731457
insanely,1,0.017238139728913013,3,0.08522291473731457
shrilly,1,0.017238139728913013,3,0.08522291473731457
listlessly,1,0.017238139728913013,3,0.08522291473731457
unwillingly,1,0.017238139728913013,3,0.08522291473731457
humbly,1,0.017238139728913013,3,0.08522291473731457
incontestably,1,0.017238139728913013,3,0.08522291473731457
inappropriately,1,0.017238139728913013,2,0.05681527649154305
enviously,1,0.017238139728913013,2,0.05681527649154305
monthly,1,0.017238139728913013,2,0.05681527649154305
candidly,1,0.017238139728913013,2,0.05681527649154305
appropriately,1,0.017238139728913013,2,0.05681527649154305
fatherly,1,0.017238139728913013,2,0.05681527649154305
intolerably,1,0.017238139728913013,2,0.05681527649154305
soundly,1,0.017238139728913013,2,0.05681527649154305
spiritually,1,0.017238139728913013,2,0.05681527649154305
unalterably,1,0.017238139728913013,2,0.05681527649154305
uncontrollably,1,0.017238139728913013,2,0.05681527649154305
fatally,1,0.017238139728913013,2,0.05681527649154305
absurdly,1,0.017238139728913013,2,0.05681527649154305
menacingly,1,0.017238139728913013,2,0.05681527649154305
uncommonly,1,0.017238139728913013,2,0.05681527649154305
dangerously,1,0.017238139728913013,2,0.05681527649154305
immovably,1,0.017238139728913013,2,0.05681527649154305
habitually,1,0.017238139728913013,2,0.05681527649154305
admiringly,1,0.017238139728913013,2,0.05681527649154305
commonly,1,0.017238139728913013,2,0.05681527649154305
disrespectfully,1,0.017238139728913013,2,0.05681527649154305
coolly,1,0.017238139728913013,2,0.05681527649154305
unfortunately,1,0.017238139728913013,2,0.05681527649154305
homely,1,0.017238139728913013,2,0.05681527649154305
unjustly,1,0.017238139728913013,2,0.05681527649154305
comely,1,0.017238139728913013,2,0.05681527649154305
repulsively,1,0.017238139728913013,1,0.028407638245771524
mockingly,1,0.017238139728913013,1,0.028407638245771524
disconnectedly,1,0.017238139728913013,1,0.028407638245771524
densely,1,0.017238139728913013,1,0.028407638245771524
inseparably,1,0.017238139728913013,1,0.028407638245771524
abnormally,1,0.017238139728913013,1,0.028407638245771524
punctually,1,0.017238139728913013,1,0.028407638245771524
broadly,1,0.017238139728913013,1,0.028407638245771524
unhappily,1,0.017238139728913013,1,0.028407638245771524
alertly,1,0.017238139728913013,1,0.028407638245771524
powerfully,1,0.017238139728913013,1,0.028407638245771524
tearfully,1,0.017238139728913013,1,0.028407638245771524
truthfully,1,0.017238139728913013,1,0.028407638245771524
indirectly,1,0.017238139728913013,1,0.028407638245771524
ardently,1,0.017238139728913013,1,0.028407638245771524
improperly,1,0.017238139728913013,1,0.028407638245771524
stupidly,1,0.017238139728913013,1,0.028407638245771524
irrationally,1,0.017238139728913013,1,0.028407638245771524
typically,1,0.017238139728913013,1,0.028407638245771524
disconsolately,1,0.017238139728913013,1,0.028407638245771524
expressly,1,0.017238139728913013,1,0.028407638245771524
malignantly,1,0.017238139728913013,1,0.028407638245771524
luxuriously,1,0.017238139728913013,1,0.028407638245771524
incredibly,1,0.017238139728913013,1,0.028407638245771524
richly,1,0.017238139728913013,1,0.028407638245771524
magnanimously,1,0.017238139728913013,1,0.028407638245771524
strenuously,1,0.017238139728913013,1,0.028407638245771524
reprovingly,1,0.017238139728913013,1,0.028407638245771524
deadly,1,0.017238139728913013,1,0.028407638245771524
amusingly,1,0.017238139728913013,1,0.028407638245771524
irrevocably,1,0.017238139728913013,1,0.028407638245771524
socially,1,0.017238139728913013,1,0.028407638245771524
devoutly,1,0.017238139728913013,1,0.028407638245771524
incidentally,1,0.017238139728913013,1,0.028407638245771524
irrepressibly,1,0.017238139728913013,1,0.028407638245771524
insistently,1,0.017238139728913013,1,0.028407638245771524
queerly,1,0.017238139728913013,1,0.028407638245771524
conveniently,1,0.017238139728913013,1,0.028407638245771524
essentially,1,0.017238139728913013,1,0.028407638245771524
legally,1,0.017238139728913013,1,0.028407638245771524
unanimously,1,0.017238139728913013,1,0.028407638245771524
wittily,1,0.017238139728913013,1,0.028407638245771524
squarely,1,0.017238139728913013,1,0.028407638245771524
mainly,1,0.017238139728913013,1,0.028407638245771524
scrupulously,1,0.017238139728913013,1,0.028407638245771524
inimically,1,0.017238139728913013,0,0.0
invitingly,1,0.017238139728913013,0,0.0
melodramatically,1,0.017238139728913013,0,0.0
surprisingly,1,0.017238139728913013,0,0.0
informally,1,0.017238139728913013,0,0.0
chaffingly,1,0.017238139728913013,0,0.0
pleadingly,1,0.017238139728913013,0,0.0
affably,1,0.017238139728913013,0,0.0
drowsily,1,0.017238139728913013,0,0.0
obscurely,1,0.017238139728913013,0,0.0
deafeningly,1,0.017238139728913013,0,0.0
divinely,1,0.017238139728913013,0,0.0
circumstantially,1,0.017238139728913013,0,0.0
unchangingly,1,0.017238139728913013,0,0.0
professedly,1,0.017238139728913013,0,0.0
restfully,1,0.017238139728913013,0,0.0
ceaselessly,1,0.017238139728913013,0,0.0
lispingly,1,0.017238139728913013,0,0.0
limply,1,0.017238139728913013,0,0.0
expeditiously,1,0.017238139728913013,0,0.0
formally,1,0.017238139728913013,0,0.0
effectively,1,0.017238139728913013,0,0.0
straggly,1,0.017238139728913013,0,0.0
judiciously,1,0.017238139728913013,0,0.0
unselfishly,1,0.017238139728913013,0,0.0
fawningly,1,0.017238139728913013,0,0.0
ferociously,1,0.017238139728913013,0,0.0
savagely,1,0.017238139728913013,0,0.0
firstly,1,0.017238139728913013,0,0.0
unsoldierly,1,0.017238139728913013,0,0.0
capriciously,1,0.017238139728913013,0,0.0
brusquely,1,0.017238139728913013,0,0.0
markedly,1,0.017238139728913013,0,0.0
tiresomely,1,0.017238139728913013,0,0.0
charmingly,1,0.017238139728913013,0,0.0
ominously,1,0.017238139728913013,0,0.0
uncomplainingly,1,0.017238139728913013,0,0.0
unsymmetrically,1,0.017238139728913013,0,0.0
sedulously,1,0.017238139728913013,0,0.0
transparently,1,0.017238139728913013,0,0.0
stimulatingly,1,0.017238139728913013,0,0.0
unfairly,1,0.017238139728913013,0,0.0
amazingly,1,0.017238139728913013,0,0.0
attractively,1,0.017238139728913013,0,0.0
surly,1,0.017238139728913013,0,0.0
basely,1,0.017238139728913013,0,0.0
spaciously,1,0.017238139728913013,0,0.0
theatrically,1,0.017238139728913013,0,0.0
questionably,1,0.017238139728913013,0,0.0
dilly,1,0.017238139728913013,0,0.0
worthily,1,0.017238139728913013,0,0.0
sidedly,1,0.017238139728913013,0,0.0
enticingly,1,0.017238139728913013,0,0.0
indulgently,1,0.017238139728913013,0,0.0
appositely,1,0.017238139728913013,0,0.0
unhesitatingly,1,0.017238139728913013,0,0.0
undeservedly,1,0.017238139728913013,0,0.0
inadequately,1,0.017238139728913013,0,0.0
shamefacedly,1,0.017238139728913013,0,0.0
tensely,1,0.017238139728913013,0,0.0
irredeemably,1,0.017238139728913013,0,0.0
dolefully,1,0.017238139728913013,0,0.0
unquestionably,1,0.017238139728913013,0,0.0
deathly,1,0.017238139728913013,0,0.0
sardonically,1,0.017238139728913013,0,0.0
inattentively,1,0.017238139728913013,0,0.0
frightfully,1,0.017238139728913013,0,0.0
methodically,1,0.017238139728913013,0,0.0
peaceably,1,0.017238139728913013,0,0.0
concurrently,1,0.017238139728913013,0,0.0
unsoundly,1,0.017238139728913013,0,0.0
superficially,1,0.017238139728913013,0,0.0
alluringly,1,0.017238139728913013,0,0.0
arduously,1,0.017238139728913013,0,0.0
identically,1,0.017238139728913013,0,0.0
honorably,1,0.017238139728913013,0,0.0
challengingly,1,0.017238139728913013,0,0.0
reverently,1,0.017238139728913013,0,0.0
ultimately,1,0.017238139728913013,0,0.0
devotedly,1,0.017238139728913013,0,0.0
delicately,1,0.017238139728913013,0,0.0
adequately,1,0.017238139728913013,0,0.0
prudently,1,0.017238139728913013,0,0.0
shiftily,1,0.017238139728913013,0,0.0
pretentiously,1,0.017238139728913013,0,0.0
frivolously,1,0.017238139728913013,0,0.0
explicitly,1,0.017238139728913013,0,0.0
fortuitously,1,0.017238139728913013,0,0.0
insolubly,1,0.017238139728913013,0,0.0
distractedly,1,0.017238139728913013,0,0.0
joylessly,1,0.017238139728913013,0,0.0
inadvertently,1,0.017238139728913013,0,0.0
contentedly,1,0.017238139728913013,0,0.0
contemporaneously,1,0.017238139728913013,0,0.0
abundantly,1,0.017238139728913013,0,0.0
ingratiatingly,1,0.017238139728913013,0,0.0
spitefully,1,0.017238139728913013,0,0.0
controlledly,1,0.017238139728913013,0,0.0
jokingly,1,0.017238139728913013,0,0.0
authoritatively,1,0.017238139728913013,0,0.0
flexibly,1,0.017238139728913013,0,0.0
venomously,1,0.017238139728913013,0,0.0
harmlessly,1,0.017238139728913013,0,0.0
frowningly,1,0.017238139728913013,0,0.0
jerkily,1,0.017238139728913013,0,0.0
grizzly,1,0.017238139728913013,0,0.0
petulantly,1,0.017238139728913013,0,0.0
incorrectly,1,0.017238139728913013,0,0.0
cynically,1,0.017238139728913013,0,0.0
derisively,1,0.017238139728913013,0,0.0
compactly,1,0.017238139728913013,0,0.0
marvelously,1,0.017238139728913013,0,0.0
nonchalantly,1,0.017238139728913013,0,0.0
northerly,1,0.017238139728913013,0,0.0
unwontedly,1,0.017238139728913013,0,0.0
mercifully,1,0.017238139728913013,0,0.0
immortally,1,0.017238139728913013,0,0.0
verbally,1,0.017238139728913013,0,0.0
beggarly,1,0.017238139728913013,0,0.0
bristly,1,0.017238139728913013,0,0.0
sally,1,0.017238139728913013,0,0.0
preternaturally,1,0.017238139728913013,0,0.0
ostentatiously,1,0.017238139728913013,0,0.0
intermittently,1,0.017238139728913013,0,0.0
tranquilly,1,0.017238139728913013,0,0.0
heroically,1,0.017238139728913013,0,0.0
blushingly,1,0.017238139728913013,0,0.0
grandiloquently,1,0.017238139728913013,0,0.0
unfailingly,1,0.017238139728913013,0,0.0
pathetically,1,0.017238139728913013,0,0.0
translucently,1,0.017238139728913013,0,0.0
confusedly,1,0.017238139728913013,0,0.0
mercilessly,1,0.017238139728913013,0,0.0
unconciously,1,0.017238139728913013,0,0.0
curiously,1,0.017238139728913013,0,0.0
bashfully,1,0.017238139728913013,0,0.0
fearlessly,1,0.017238139728913013,0,0.0
huskily,1,0.017238139728913013,0,0.0
girlishly,1,0.017238139728913013,0,0.0
relevantly,1,0.017238139728913013,0,0.0
preferably,1,0.017238139728913013,0,0.0
animatedly,1,0.017238139728913013,0,0.0
classically,1,0.017238139728913013,0,0.0
magically,1,0.017238139728913013,0,0.0
unattractively,1,0.017238139728913013,0,0.0
meanly,1,0.017238139728913013,0,0.0
inhumanly,1,0.017238139728913013,0,0.0
inextricably,1,0.017238139728913013,0,0.0
bewitchingly,1,0.017238139728913013,0,0.0
literally,1,0.017238139728913013,0,0.0
princely,1,0.017238139728913013,0,0.0
peevishly,1,0.017238139728913013,0,0.0
bravely,1,0.017238139728913013,0,0.0
admonishingly,1,0.017238139728913013,0,0.0
sentimentally,1,0.017238139728913013,0,0.0
jocularly,1,0.017238139728913013,0,0.0
abominably,1,0.017238139728913013,0,0.0
resignedly,1,0.017238139728913013,0,0.0
organically,1,0.017238139728913013,0,0.0
stonily,1,0.017238139728913013,0,0.0
expectantly,1,0.017238139728913013,0,0.0
momentarily,1,0.017238139728913013,0,0.0
moodily,1,0.017238139728913013,0,0.0
diametrically,1,0.017238139728913013,0,0.0
southerly,1,0.017238139728913013,0,0.0
argumentatively,1,0.017238139728913013,0,0.0
banteringly,1,0.017238139728913013,0,0.0
scrutinizingly,1,0.017238139728913013,0,0.0
accidently,1,0.017238139728913013,0,0.0
correspondingly,1,0.017238139728913013,0,0.0
manfully,1,0.017238139728913013,0,0.0
presumably,1,0.017238139728913013,0,0.0
wholeheartedly,1,0.017238139728913013,0,0.0
lightheartedly,1,0.017238139728913013,0,0.0
rasguly,1,0.017238139728913013,0,0.0
vindictively,1,0.017238139728913013,0,0.0
flatly,1,0.017238139728913013,0,0.0
gruffly,1,0.017238139728913013,0,0.0
scantily,1,0.017238139728913013,0,0.0
indefinitely,1,0.017238139728913013,0,0.0
rigidly,1,0.017238139728913013,0,0.0
remorselessly,1,0.017238139728913013,0,0.0
northwesterly,1,0.017238139728913013,0,0.0
youthfully,1,0.017238139728913013,0,0.0
wantonly,1,0.017238139728913013,0,0.0
timely,1,0.017238139728913013,0,0.0
intoxicatingly,1,0.017238139728913013,0,0.0
fussily,1,0.017238139728913013,0,0.0
blamelessly,1,0.017238139728913013,0,0.0
obligingly,1,0.017238139728913013,0,0.0
swaggeringly,1,0.017238139728913013,0,0.0
nominally,1,0.017238139728913013,0,0.0
hilly,1,0.017238139728913013,0,0.0
concisely,1,0.017238139728913013,0,0.0
dumbly,1,0.017238139728913013,0,0.0
exquisitely,1,0.017238139728913013,0,0.0
unlikely,1,0.017238139728913013,0,0.0
sturdily,1,0.017238139728913013,0,0.0
meaninglessly,1,0.017238139728913013,0,0.0
negligently,1,0.017238139728913013,0,0.0
jelly,1,0.017238139728913013,0,0.0
kingly,1,0.017238139728913013,0,0.0
picturesquely,1,0.017238139728913013,0,0.0
supernaturally,1,0.017238139728913013,0,0.0
pedantically,1,0.017238139728913013,0,0.0
generously,1,0.017238139728913013,0,0.0
unswervingly,1,0.017238139728913013,0,0.0
dutifully,1,0.017238139728913013,0,0.0
victoriously,1,0.017238139728913013,0,0.0
garrulously,1,0.017238139728913013,0,0.0
bustlingly,1,0.017238139728913013,0,0.0
impolitely,1,0.017238139728913013,0,0.0
unerringly,1,0.017238139728913013,0,0.0
pertinaciously,1,0.017238139728913013,0,0.0
oily,1,0.017238139728913013,0,0.0
honowably,1,0.017238139728913013,0,0.0
moderately,1,0.017238139728913013,0,0.0
unmeaningly,1,0.017238139728913013,0,0.0
wily,1,0.017238139728913013,0,0.0
insurmountably,1,0.017238139728913013,0,0.0
discordantly,1,0.017238139728913013,0,0.0
somberly,1,0.017238139728913013,0,0.0
poorly,1,0.017238139728913013,0,0.0
glumly,1,0.017238139728913013,0,0.0
unreasonably,1,0.017238139728913013,0,0.0
angelically,1,0.017238139728913013,0,0.0
shiningly,1,0.017238139728913013,0,0.0
strategically,1,0.017238139728913013,0,0.0
dolly,0,0.0,280,7.954138708816027
vassily,0,0.0,36,1.0226749768477748
intensely,0,0.0,10,0.2840763824577152
miserably,0,0.0,8,0.2272611059661722
conclusively,0,0.0,6,0.17044582947462913
studiously,0,0.0,6,0.17044582947462913
fearfully,0,0.0,6,0.17044582947462913
dreamily,0,0.0,5,0.1420381912288576
darkly,0,0.0,5,0.1420381912288576
unluckily,0,0.0,5,0.1420381912288576
wonderingly,0,0.0,4,0.1136305529830861
discreetly,0,0.0,4,0.1136305529830861
costly,0,0.0,4,0.1136305529830861
genially,0,0.0,4,0.1136305529830861
insufferably,0,0.0,4,0.1136305529830861
unutterably,0,0.0,4,0.1136305529830861
conspicuously,0,0.0,4,0.1136305529830861
unearthly,0,0.0,3,0.08522291473731457
individually,0,0.0,3,0.08522291473731457
bodily,0,0.0,3,0.08522291473731457
penitently,0,0.0,3,0.08522291473731457
theoretically,0,0.0,3,0.08522291473731457
affectedly,0,0.0,3,0.08522291473731457
warily,0,0.0,3,0.08522291473731457
comically,0,0.0,3,0.08522291473731457
soothingly,0,0.0,2,0.05681527649154305
heedlessly,0,0.0,2,0.05681527649154305
infallibly,0,0.0,2,0.05681527649154305
jocosely,0,0.0,2,0.05681527649154305
shamelessly,0,0.0,2,0.05681527649154305
hesitatingly,0,0.0,2,0.05681527649154305
logically,0,0.0,2,0.05681527649154305
tidily,0,0.0,2,0.05681527649154305
trustfully,0,0.0,2,0.05681527649154305
dejectedly,0,0.0,2,0.05681527649154305
sleepily,0,0.0,2,0.05681527649154305
tragically,0,0.0,2,0.05681527649154305
daintily,0,0.0,2,0.05681527649154305
willfully,0,0.0,2,0.05681527649154305
unpardonably,0,0.0,2,0.05681527649154305
excessively,0,0.0,2,0.05681527649154305
idly,0,0.0,2,0.05681527649154305
unbecomingly,0,0.0,2,0.05681527649154305
uncertainly,0,0.0,2,0.05681527649154305
incomprehensibly,0,0.0,2,0.05681527649154305
primarily,0,0.0,2,0.05681527649154305
abstractly,0,0.0,2,0.05681527649154305
handsomely,0,0.0,2,0.05681527649154305
negatively,0,0.0,2,0.05681527649154305
prematurely,0,0.0,2,0.05681527649154305
mistakenly,0,0.0,2,0.05681527649154305
obtrusively,0,0.0,2,0.05681527649154305
beastly,0,0.0,2,0.05681527649154305
miserly,0,0.0,2,0.05681527649154305
delightfully,0,0.0,2,0.05681527649154305
impossibly,0,0.0,2,0.05681527649154305
haughtily,0,0.0,1,0.028407638245771524
unbearably,0,0.0,1,0.028407638245771524
unlawfully,0,0.0,1,0.028407638245771524
inconceivably,0,0.0,1,0.028407638245771524
unmanly,0,0.0,1,0.028407638245771524
speedily,0,0.0,1,0.028407638245771524
ostensibly,0,0.0,1,0.028407638245771524
deliciously,0,0.0,1,0.028407638245771524
fruitlessly,0,0.0,1,0.028407638245771524
saintly,0,0.0,1,0.028407638245771524
religiously,0,0.0,1,0.028407638245771524
productively,0,0.0,1,0.028407638245771524
unwarily,0,0.0,1,0.028407638245771524
uniformly,0,0.0,1,0.028407638245771524
amicably,0,0.0,1,0.028407638245771524
infectiously,0,0.0,1,0.028407638245771524
surreptitiously,0,0.0,1,0.028407638245771524
hostilely,0,0.0,1,0.028407638245771524
diagonally,0,0.0,1,0.028407638245771524
intellectually,0,0.0,1,0.028407638245771524
unemphatically,0,0.0,1,0.028407638245771524
blindly,0,0.0,1,0.028407638245771524
maidenly,0,0.0,1,0.028407638245771524
intractably,0,0.0,1,0.028407638245771524
charitably,0,0.0,1,0.028407638245771524
secondarily,0,0.0,1,0.028407638245771524
astoundingly,0,0.0,1,0.028407638245771524
uncannily,0,0.0,1,0.028407638245771524
fittingly,0,0.0,1,0.028407638245771524
poetically,0,0.0,1,0.028407638245771524
diffidently,0,0.0,1,0.028407638245771524
hugely,0,0.0,1,0.028407638245771524
pressingly,0,0.0,1,0.028407638245771524
seemly,0,0.0,1,0.028407638245771524
heartedly,0,0.0,1,0.028407638245771524
despondently,0,0.0,1,0.028407638245771524
slyly,0,0.0,1,0.028407638245771524
nobly,0,0.0,1,0.028407638245771524
halfheartedly,0,0.0,1,0.028407638245771524
scoundrelly,0,0.0,1,0.028407638245771524
unprofitably,0,0.0,1,0.028407638245771524
tactlessly,0,0.0,1,0.028407638245771524
musingly,0,0.0,1,0.028407638245771524
frigidly,0,0.0,1,0.028407638245771524
speckly,0,0.0,1,0.028407638245771524
tremendously,0,0.0,1,0.028407638245771524
festively,0,0.0,1,0.028407638245771524
stoutly,0,0.0,1,0.028407638245771524
humiliatingly,0,0.0,1,0.028407638245771524
fleshly,0,0.0,1,0.028407638245771524
unfavorably,0,0.0,1,0.028407638245771524
jovially,0,0.0,1,0.028407638245771524
roguishly,0,0.0,1,0.028407638245771524
sneeringly,0,0.0,1,0.028407638245771524
ingeniously,0,0.0,1,0.028407638245771524
reassuringly,0,0.0,1,0.028407638245771524
roundly,0,0.0,1,0.028407638245771524
timorously,0,0.0,1,0.028407638245771524
contumely,0,0.0,1,0.028407638245771524
pearly,0,0.0,1,0.028407638245771524
untruly,0,0.0,1,0.028407638245771524
unhealthily,0,0.0,1,0.028407638245771524
perseveringly,0,0.0,1,0.028407638245771524
unworthily,0,0.0,1,0.028407638245771524
yearly,0,0.0,1,0.028407638245771524
slightingly,0,0.0,1,0.028407638245771524
cheaply,0,0.0,1,0.028407638245771524
godly,0,0.0,1,0.028407638245771524
fervently,0,0.0,1,0.028407638245771524
butterfly,0,0.0,1,0.028407638245771524
scientifically,0,0.0,1,0.028407638245771524
roughly,0,0.0,1,0.028407638245771524
insolently,0,0.0,1,0.028407638245771524
courageously,0,0.0,1,0.028407638245771524
baldly,0,0.0,1,0.028407638245771524
mirthfully,0,0.0,1,0.028407638245771524
aggressively,0,0.0,1,0.028407638245771524
doggedly,0,0.0,1,0.028407638245771524
fluently,0,0.0,1,0.028407638245771524
historically,0,0.0,1,0.028407638245771524
pettily,0,0.0,1,0.028407638245771524
harmoniously,0,0.0,1,0.028407638245771524
vulgarly,0,0.0,1,0.028407638245771524
dexterously,0,0.0,1,0.028407638245771524
tastelessly,0,0.0,1,0.028407638245771524
legitimately,0,0.0,1,0.028407638245771524
lawfully,0,0.0,1,0.028407638245771524
beautifully,0,0.0,1,0.028407638245771524
thoughtlessly,0,0.0,1,0.028407638245771524
impulsively,0,0.0,1,0.028407638245771524
injuriously,0,0.0,1,0.028407638245771524
infrequently,0,0.0,1,0.028407638245771524
hypocritically,0,0.0,1,0.028407638245771524
ruthlessly,0,0.0,1,0.028407638245771524
supremely,0,0.0,1,0.028407638245771524
knowingly,0,0.0,1,0.028407638245771524
unproductively,0,0.0,1,0.028407638245771524
hungrily,0,0.0,1,0.028407638245771524
evasively,0,0.0,1,0.028407638245771524
relentlessly,0,0.0,1,0.028407638245771524
hospitably,0,0.0,1,0.028407638245771524
flippantly,0,0.0,1,0.028407638245771524
proportionally,0,0.0,1,0.028407638245771524
inexcusably,0,0.0,1,0.028407638245771524
ruefully,0,0.0,1,0.028407638245771524
apprehensively,0,0.0,1,0.028407638245771524
cheerily,0,0.0,1,0.028407638245771524
composedly,0,0.0,1,0.028407638245771524
preeminently,0,0.0,1,0.028407638245771524
steely,0,0.0,1,0.028407638245771524
indiscriminately,0,0.0,1,0.028407638245771524
conventionally,0,0.0,1,0.028407638245771524
weakly,0,0.0,1,0.028407638245771524
encouragingly,0,0.0,1,0.028407638245771524
intrinsically,0,0.0,1,0.028407638245771524
suitably,0,0.0,1,0.028407638245771524
convincingly,0,0.0,1,0.028407638245771524
unequally,0,0.0,1,0.028407638245771524
ordinarily,0,0.0,1,0.028407638245771524
musically,0,0.0,1,0.028407638245771524
